"","year","rwi","samp.depth","month","precip"
"1",1895,1.025,50,"Jan",1.08
"2",1895,1.025,50,"Feb",0.78
"3",1895,1.025,50,"Mar",0.11
"4",1895,1.025,50,"Apr",0.1
"5",1895,1.025,50,"May",1.12
"6",1895,1.025,50,"Jun",0.63
"7",1895,1.025,50,"Jul",4.07
"8",1895,1.025,50,"Aug",3.74
"9",1895,1.025,50,"Sep",1.25
"10",1895,1.025,50,"Oct",0.81
"11",1895,1.025,50,"Nov",1.73
"12",1895,1.025,50,"Dec",0.23
"13",1896,0.512,50,"Jan",0.25
"14",1896,0.512,50,"Feb",0.2
"15",1896,0.512,50,"Mar",0.2
"16",1896,0.512,50,"Apr",0.15
"17",1896,0.512,50,"May",0.01
"18",1896,0.512,50,"Jun",0.71
"19",1896,0.512,50,"Jul",3.25
"20",1896,0.512,50,"Aug",1.8
"21",1896,0.512,50,"Sep",2.37
"22",1896,0.512,50,"Oct",4.28
"23",1896,0.512,50,"Nov",0.1
"24",1896,0.512,50,"Dec",0.22
"25",1897,1.019,50,"Jan",1.29
"26",1897,1.019,50,"Feb",0.2
"27",1897,1.019,50,"Mar",1.15
"28",1897,1.019,50,"Apr",0.69
"29",1897,1.019,50,"May",1.09
"30",1897,1.019,50,"Jun",0.56
"31",1897,1.019,50,"Jul",2.57
"32",1897,1.019,50,"Aug",2.57
"33",1897,1.019,50,"Sep",4.77
"34",1897,1.019,50,"Oct",1.99
"35",1897,1.019,50,"Nov",0.08
"36",1897,1.019,50,"Dec",0.69
"37",1898,1.259,50,"Jan",1.13
"38",1898,1.259,50,"Feb",0.35
"39",1898,1.259,50,"Mar",0.98
"40",1898,1.259,50,"Apr",0.88
"41",1898,1.259,50,"May",0.31
"42",1898,1.259,50,"Jun",1.89
"43",1898,1.259,50,"Jul",3.49
"44",1898,1.259,50,"Aug",2.87
"45",1898,1.259,50,"Sep",0.66
"46",1898,1.259,50,"Oct",0.05
"47",1898,1.259,50,"Nov",0.93
"48",1898,1.259,50,"Dec",1.19
"49",1899,0.417,50,"Jan",0.22
"50",1899,0.417,50,"Feb",0.21
"51",1899,0.417,50,"Mar",0.43
"52",1899,0.417,50,"Apr",0.55
"53",1899,0.417,50,"May",0.03
"54",1899,0.417,50,"Jun",0.78
"55",1899,0.417,50,"Jul",3.91
"56",1899,0.417,50,"Aug",1.43
"57",1899,0.417,50,"Sep",1.17
"58",1899,0.417,50,"Oct",0.47
"59",1899,0.417,50,"Nov",0.5
"60",1899,0.417,50,"Dec",0.24
"61",1900,0.093,50,"Jan",0.69
"62",1900,0.093,50,"Feb",0.5
"63",1900,0.093,50,"Mar",1.08
"64",1900,0.093,50,"Apr",0.94
"65",1900,0.093,50,"May",0.36
"66",1900,0.093,50,"Jun",0.23
"67",1900,0.093,50,"Jul",1.18
"68",1900,0.093,50,"Aug",0.94
"69",1900,0.093,50,"Sep",3.53
"70",1900,0.093,50,"Oct",0.43
"71",1900,0.093,50,"Nov",0.75
"72",1900,0.093,50,"Dec",0.28
"73",1901,0.497,49,"Jan",0.63
"74",1901,0.497,49,"Feb",1.28
"75",1901,0.497,49,"Mar",0.47
"76",1901,0.497,49,"Apr",0.28
"77",1901,0.497,49,"May",0.62
"78",1901,0.497,49,"Jun",0.04
"79",1901,0.497,49,"Jul",2.04
"80",1901,0.497,49,"Aug",1.44
"81",1901,0.497,49,"Sep",1.09
"82",1901,0.497,49,"Oct",1.36
"83",1901,0.497,49,"Nov",0.82
"84",1901,0.497,49,"Dec",0.22
"85",1902,0.494,49,"Jan",0.64
"86",1902,0.494,49,"Feb",0.31
"87",1902,0.494,49,"Mar",0.3
"88",1902,0.494,49,"Apr",0.14
"89",1902,0.494,49,"May",0.85
"90",1902,0.494,49,"Jun",0.27
"91",1902,0.494,49,"Jul",1.01
"92",1902,0.494,49,"Aug",4.01
"93",1902,0.494,49,"Sep",1.89
"94",1902,0.494,49,"Oct",0.19
"95",1902,0.494,49,"Nov",1.18
"96",1902,0.494,49,"Dec",1.63
"97",1903,0.28,49,"Jan",0.34
"98",1903,0.28,49,"Feb",0.81
"99",1903,0.28,49,"Mar",0.86
"100",1903,0.28,49,"Apr",0.26
"101",1903,0.28,49,"May",0.53
"102",1903,0.28,49,"Jun",2.43
"103",1903,0.28,49,"Jul",0.86
"104",1903,0.28,49,"Aug",3.25
"105",1903,0.28,49,"Sep",2.62
"106",1903,0.28,49,"Oct",0
"107",1903,0.28,49,"Nov",0
"108",1903,0.28,49,"Dec",0.07
"109",1904,0.043,49,"Jan",0.23
"110",1904,0.043,49,"Feb",0.22
"111",1904,0.043,49,"Mar",0.38
"112",1904,0.043,49,"Apr",0.09
"113",1904,0.043,49,"May",0.29
"114",1904,0.043,49,"Jun",0.58
"115",1904,0.043,49,"Jul",1.56
"116",1904,0.043,49,"Aug",2.92
"117",1904,0.043,49,"Sep",2.61
"118",1904,0.043,49,"Oct",2.28
"119",1904,0.043,49,"Nov",0.07
"120",1904,0.043,49,"Dec",1.64
"121",1905,0.755,50,"Jan",2.21
"122",1905,0.755,50,"Feb",3.31
"123",1905,0.755,50,"Mar",3.18
"124",1905,0.755,50,"Apr",2.98
"125",1905,0.755,50,"May",0.17
"126",1905,0.755,50,"Jun",1.09
"127",1905,0.755,50,"Jul",1.76
"128",1905,0.755,50,"Aug",1.51
"129",1905,0.755,50,"Sep",2.44
"130",1905,0.755,50,"Oct",0.38
"131",1905,0.755,50,"Nov",4.03
"132",1905,0.755,50,"Dec",2.24
"133",1906,0.614,50,"Jan",0.47
"134",1906,0.614,50,"Feb",1.43
"135",1906,0.614,50,"Mar",0.99
"136",1906,0.614,50,"Apr",1.31
"137",1906,0.614,50,"May",0.26
"138",1906,0.614,50,"Jun",0
"139",1906,0.614,50,"Jul",3.05
"140",1906,0.614,50,"Aug",3.47
"141",1906,0.614,50,"Sep",1.99
"142",1906,0.614,50,"Oct",0.59
"143",1906,0.614,50,"Nov",1.5
"144",1906,0.614,50,"Dec",3.92
"145",1907,1.095,50,"Jan",1.73
"146",1907,1.095,50,"Feb",0.62
"147",1907,1.095,50,"Mar",0.21
"148",1907,1.095,50,"Apr",1.74
"149",1907,1.095,50,"May",1
"150",1907,1.095,50,"Jun",0.83
"151",1907,1.095,50,"Jul",1.9
"152",1907,1.095,50,"Aug",5.33
"153",1907,1.095,50,"Sep",1.34
"154",1907,1.095,50,"Oct",2.3
"155",1907,1.095,50,"Nov",0.69
"156",1907,1.095,50,"Dec",0.11
"157",1908,1.363,51,"Jan",0.67
"158",1908,1.363,51,"Feb",1.7
"159",1908,1.363,51,"Mar",0.69
"160",1908,1.363,51,"Apr",1.68
"161",1908,1.363,51,"May",0.59
"162",1908,1.363,51,"Jun",0.16
"163",1908,1.363,51,"Jul",3.12
"164",1908,1.363,51,"Aug",3.1
"165",1908,1.363,51,"Sep",0.67
"166",1908,1.363,51,"Oct",0.27
"167",1908,1.363,51,"Nov",0.85
"168",1908,1.363,51,"Dec",0.78
"169",1909,0.74,51,"Jan",0.24
"170",1909,0.74,51,"Feb",0.8
"171",1909,0.74,51,"Mar",1.76
"172",1909,0.74,51,"Apr",0.11
"173",1909,0.74,51,"May",0.02
"174",1909,0.74,51,"Jun",0.26
"175",1909,0.74,51,"Jul",2.57
"176",1909,0.74,51,"Aug",3.72
"177",1909,0.74,51,"Sep",1.66
"178",1909,0.74,51,"Oct",0.16
"179",1909,0.74,51,"Nov",0.35
"180",1909,0.74,51,"Dec",1.09
"181",1910,0.985,51,"Jan",0.62
"182",1910,0.985,51,"Feb",0.23
"183",1910,0.985,51,"Mar",0.17
"184",1910,0.985,51,"Apr",1.16
"185",1910,0.985,51,"May",0.34
"186",1910,0.985,51,"Jun",0.68
"187",1910,0.985,51,"Jul",1.81
"188",1910,0.985,51,"Aug",2.4
"189",1910,0.985,51,"Sep",1.01
"190",1910,0.985,51,"Oct",0.84
"191",1910,0.985,51,"Nov",1.16
"192",1910,0.985,51,"Dec",0.2
"193",1911,0.787,52,"Jan",1.07
"194",1911,0.787,52,"Feb",2.76
"195",1911,0.787,52,"Mar",1.79
"196",1911,0.787,52,"Apr",0.92
"197",1911,0.787,52,"May",0.08
"198",1911,0.787,52,"Jun",1.67
"199",1911,0.787,52,"Jul",5.19
"200",1911,0.787,52,"Aug",1.7
"201",1911,0.787,52,"Sep",2.4
"202",1911,0.787,52,"Oct",2.49
"203",1911,0.787,52,"Nov",0.1
"204",1911,0.787,52,"Dec",0.64
"205",1912,1.566,52,"Jan",0.02
"206",1912,1.566,52,"Feb",0.76
"207",1912,1.566,52,"Mar",1.84
"208",1912,1.566,52,"Apr",0.94
"209",1912,1.566,52,"May",0.08
"210",1912,1.566,52,"Jun",1.44
"211",1912,1.566,52,"Jul",3.33
"212",1912,1.566,52,"Aug",2.95
"213",1912,1.566,52,"Sep",0.56
"214",1912,1.566,52,"Oct",1.23
"215",1912,1.566,52,"Nov",0.09
"216",1912,1.566,52,"Dec",1.11
"217",1913,0.938,52,"Jan",0.73
"218",1913,0.938,52,"Feb",1.81
"219",1913,0.938,52,"Mar",0.65
"220",1913,0.938,52,"Apr",0.65
"221",1913,0.938,52,"May",0.18
"222",1913,0.938,52,"Jun",1.05
"223",1913,0.938,52,"Jul",1.29
"224",1913,0.938,52,"Aug",2.69
"225",1913,0.938,52,"Sep",2.36
"226",1913,0.938,52,"Oct",0.75
"227",1913,0.938,52,"Nov",1.86
"228",1913,0.938,52,"Dec",1.61
"229",1914,1.455,52,"Jan",0.31
"230",1914,1.455,52,"Feb",0.49
"231",1914,1.455,52,"Mar",0.64
"232",1914,1.455,52,"Apr",0.67
"233",1914,1.455,52,"May",1
"234",1914,1.455,52,"Jun",1.31
"235",1914,1.455,52,"Jul",5.96
"236",1914,1.455,52,"Aug",3.32
"237",1914,1.455,52,"Sep",0.9
"238",1914,1.455,52,"Oct",2.74
"239",1914,1.455,52,"Nov",0.61
"240",1914,1.455,52,"Dec",3.26
"241",1915,1.958,52,"Jan",1.59
"242",1915,1.958,52,"Feb",1.15
"243",1915,1.958,52,"Mar",1.38
"244",1915,1.958,52,"Apr",2.18
"245",1915,1.958,52,"May",0.23
"246",1915,1.958,52,"Jun",0.32
"247",1915,1.958,52,"Jul",4.74
"248",1915,1.958,52,"Aug",1.8
"249",1915,1.958,52,"Sep",2.48
"250",1915,1.958,52,"Oct",0.16
"251",1915,1.958,52,"Nov",0.46
"252",1915,1.958,52,"Dec",1.44
"253",1916,1.658,52,"Jan",2.79
"254",1916,1.658,52,"Feb",0.37
"255",1916,1.658,52,"Mar",1.58
"256",1916,1.658,52,"Apr",1.34
"257",1916,1.658,52,"May",0.4
"258",1916,1.658,52,"Jun",0
"259",1916,1.658,52,"Jul",3.28
"260",1916,1.658,52,"Aug",3.1
"261",1916,1.658,52,"Sep",0.85
"262",1916,1.658,52,"Oct",4.27
"263",1916,1.658,52,"Nov",0.09
"264",1916,1.658,52,"Dec",0.52
"265",1917,1.507,52,"Jan",1.51
"266",1917,1.507,52,"Feb",0.75
"267",1917,1.507,52,"Mar",0.07
"268",1917,1.507,52,"Apr",0.29
"269",1917,1.507,52,"May",0.6
"270",1917,1.507,52,"Jun",0.14
"271",1917,1.507,52,"Jul",2.21
"272",1917,1.507,52,"Aug",1.73
"273",1917,1.507,52,"Sep",1.77
"274",1917,1.507,52,"Oct",0.09
"275",1917,1.507,52,"Nov",0.01
"276",1917,1.507,52,"Dec",0
"277",1918,0.268,52,"Jan",1.45
"278",1918,0.268,52,"Feb",0.87
"279",1918,0.268,52,"Mar",0.52
"280",1918,0.268,52,"Apr",0.22
"281",1918,0.268,52,"May",0.51
"282",1918,0.268,52,"Jun",1.25
"283",1918,0.268,52,"Jul",2.85
"284",1918,0.268,52,"Aug",2.33
"285",1918,0.268,52,"Sep",0.37
"286",1918,0.268,52,"Oct",1.89
"287",1918,0.268,52,"Nov",1.64
"288",1918,0.268,52,"Dec",1.82
"289",1919,1.581,52,"Jan",0.39
"290",1919,1.581,52,"Feb",1.27
"291",1919,1.581,52,"Mar",1.83
"292",1919,1.581,52,"Apr",1.73
"293",1919,1.581,52,"May",0.76
"294",1919,1.581,52,"Jun",0.82
"295",1919,1.581,52,"Jul",4.8
"296",1919,1.581,52,"Aug",2.54
"297",1919,1.581,52,"Sep",1.88
"298",1919,1.581,52,"Oct",0.71
"299",1919,1.581,52,"Nov",1.71
"300",1919,1.581,52,"Dec",0.97
"301",1920,1.884,52,"Jan",1.87
"302",1920,1.884,52,"Feb",1.19
"303",1920,1.884,52,"Mar",1.2
"304",1920,1.884,52,"Apr",0.98
"305",1920,1.884,52,"May",0.57
"306",1920,1.884,52,"Jun",1.19
"307",1920,1.884,52,"Jul",1.72
"308",1920,1.884,52,"Aug",2.85
"309",1920,1.884,52,"Sep",1.43
"310",1920,1.884,52,"Oct",1.19
"311",1920,1.884,52,"Nov",0.21
"312",1920,1.884,52,"Dec",0.31
"313",1921,0.683,52,"Jan",0.49
"314",1921,0.683,52,"Feb",0.42
"315",1921,0.683,52,"Mar",0.57
"316",1921,0.683,52,"Apr",0.19
"317",1921,0.683,52,"May",0.7
"318",1921,0.683,52,"Jun",1.15
"319",1921,0.683,52,"Jul",5.13
"320",1921,0.683,52,"Aug",3.08
"321",1921,0.683,52,"Sep",0.75
"322",1921,0.683,52,"Oct",0.4
"323",1921,0.683,52,"Nov",0.19
"324",1921,0.683,52,"Dec",0.83
"325",1922,0.894,53,"Jan",0.77
"326",1922,0.894,53,"Feb",0.44
"327",1922,0.894,53,"Mar",0.62
"328",1922,0.894,53,"Apr",0.84
"329",1922,0.894,53,"May",0.13
"330",1922,0.894,53,"Jun",0.64
"331",1922,0.894,53,"Jul",1.26
"332",1922,0.894,53,"Aug",1.54
"333",1922,0.894,53,"Sep",0.65
"334",1922,0.894,53,"Oct",0.44
"335",1922,0.894,53,"Nov",1.41
"336",1922,0.894,53,"Dec",0.36
"337",1923,0.382,53,"Jan",0.47
"338",1923,0.382,53,"Feb",1.48
"339",1923,0.382,53,"Mar",0.83
"340",1923,0.382,53,"Apr",0.69
"341",1923,0.382,53,"May",0.14
"342",1923,0.382,53,"Jun",0.11
"343",1923,0.382,53,"Jul",2.23
"344",1923,0.382,53,"Aug",5.39
"345",1923,0.382,53,"Sep",2.32
"346",1923,0.382,53,"Oct",0.78
"347",1923,0.382,53,"Nov",1.87
"348",1923,0.382,53,"Dec",2.86
"349",1924,0.984,53,"Jan",0.22
"350",1924,0.984,53,"Feb",0.59
"351",1924,0.984,53,"Mar",1.45
"352",1924,0.984,53,"Apr",0.83
"353",1924,0.984,53,"May",0.23
"354",1924,0.984,53,"Jun",0.12
"355",1924,0.984,53,"Jul",3.87
"356",1924,0.984,53,"Aug",0.6
"357",1924,0.984,53,"Sep",0.42
"358",1924,0.984,53,"Oct",0.17
"359",1924,0.984,53,"Nov",0.22
"360",1924,0.984,53,"Dec",1.07
"361",1925,0.264,53,"Jan",0.27
"362",1925,0.264,53,"Feb",0.19
"363",1925,0.264,53,"Mar",0.74
"364",1925,0.264,53,"Apr",0.32
"365",1925,0.264,53,"May",0.41
"366",1925,0.264,53,"Jun",0.79
"367",1925,0.264,53,"Jul",2.37
"368",1925,0.264,53,"Aug",3.75
"369",1925,0.264,53,"Sep",1.67
"370",1925,0.264,53,"Oct",1.65
"371",1925,0.264,53,"Nov",0.18
"372",1925,0.264,53,"Dec",0.53
"373",1926,1.175,53,"Jan",0.82
"374",1926,1.175,53,"Feb",0.2
"375",1926,1.175,53,"Mar",3.04
"376",1926,1.175,53,"Apr",1.85
"377",1926,1.175,53,"May",1.81
"378",1926,1.175,53,"Jun",0.48
"379",1926,1.175,53,"Jul",2.63
"380",1926,1.175,53,"Aug",1.46
"381",1926,1.175,53,"Sep",2.14
"382",1926,1.175,53,"Oct",1.73
"383",1926,1.175,53,"Nov",0.15
"384",1926,1.175,53,"Dec",2.19
"385",1927,0.985,53,"Jan",0.08
"386",1927,0.985,53,"Feb",0.98
"387",1927,0.985,53,"Mar",1.15
"388",1927,0.985,53,"Apr",0.84
"389",1927,0.985,53,"May",0.1
"390",1927,0.985,53,"Jun",1.36
"391",1927,0.985,53,"Jul",2.83
"392",1927,0.985,53,"Aug",3.32
"393",1927,0.985,53,"Sep",4.15
"394",1927,0.985,53,"Oct",0.18
"395",1927,0.985,53,"Nov",0.23
"396",1927,0.985,53,"Dec",1.1
"397",1928,0.844,53,"Jan",0.04
"398",1928,0.844,53,"Feb",2.07
"399",1928,0.844,53,"Mar",0.4
"400",1928,0.844,53,"Apr",0.94
"401",1928,0.844,53,"May",2.2
"402",1928,0.844,53,"Jun",0
"403",1928,0.844,53,"Jul",2.27
"404",1928,0.844,53,"Aug",3.63
"405",1928,0.844,53,"Sep",0.38
"406",1928,0.844,53,"Oct",1.55
"407",1928,0.844,53,"Nov",0.85
"408",1928,0.844,53,"Dec",0.39
"409",1929,0.687,53,"Jan",0.32
"410",1929,0.687,53,"Feb",0.67
"411",1929,0.687,53,"Mar",0.68
"412",1929,0.687,53,"Apr",0.39
"413",1929,0.687,53,"May",1.81
"414",1929,0.687,53,"Jun",0.08
"415",1929,0.687,53,"Jul",4.24
"416",1929,0.687,53,"Aug",4.25
"417",1929,0.687,53,"Sep",3.26
"418",1929,0.687,53,"Oct",1.24
"419",1929,0.687,53,"Nov",0.46
"420",1929,0.687,53,"Dec",0.15
"421",1930,1.757,53,"Jan",1.22
"422",1930,1.757,53,"Feb",0.34
"423",1930,1.757,53,"Mar",1.39
"424",1930,1.757,53,"Apr",0.63
"425",1930,1.757,53,"May",0.4
"426",1930,1.757,53,"Jun",0.32
"427",1930,1.757,53,"Jul",4.21
"428",1930,1.757,53,"Aug",2.36
"429",1930,1.757,53,"Sep",1.05
"430",1930,1.757,53,"Oct",0.3
"431",1930,1.757,53,"Nov",1.28
"432",1930,1.757,53,"Dec",0.37
"433",1931,1.193,52,"Jan",0.4
"434",1931,1.193,52,"Feb",2.51
"435",1931,1.193,52,"Mar",0.93
"436",1931,1.193,52,"Apr",2.64
"437",1931,1.193,52,"May",0.61
"438",1931,1.193,52,"Jun",1.31
"439",1931,1.193,52,"Jul",2.88
"440",1931,1.193,52,"Aug",3.39
"441",1931,1.193,52,"Sep",3.54
"442",1931,1.193,52,"Oct",0.64
"443",1931,1.193,52,"Nov",1.35
"444",1931,1.193,52,"Dec",0.9
"445",1932,1.511,52,"Jan",1.41
"446",1932,1.511,52,"Feb",1.33
"447",1932,1.511,52,"Mar",1.23
"448",1932,1.511,52,"Apr",0.64
"449",1932,1.511,52,"May",0.73
"450",1932,1.511,52,"Jun",0.29
"451",1932,1.511,52,"Jul",4.17
"452",1932,1.511,52,"Aug",3.18
"453",1932,1.511,52,"Sep",1.27
"454",1932,1.511,52,"Oct",0.91
"455",1932,1.511,52,"Nov",0
"456",1932,1.511,52,"Dec",1.57
"457",1933,1.205,52,"Jan",0.83
"458",1933,1.205,52,"Feb",1.34
"459",1933,1.205,52,"Mar",0.11
"460",1933,1.205,52,"Apr",0.56
"461",1933,1.205,52,"May",0.29
"462",1933,1.205,52,"Jun",2.5
"463",1933,1.205,52,"Jul",3.76
"464",1933,1.205,52,"Aug",2.26
"465",1933,1.205,52,"Sep",2.18
"466",1933,1.205,52,"Oct",1.66
"467",1933,1.205,52,"Nov",1.02
"468",1933,1.205,52,"Dec",0.33
"469",1934,0.416,52,"Jan",0.22
"470",1934,0.416,52,"Feb",0.57
"471",1934,0.416,52,"Mar",0.58
"472",1934,0.416,52,"Apr",0.82
"473",1934,0.416,52,"May",0.8
"474",1934,0.416,52,"Jun",0.36
"475",1934,0.416,52,"Jul",1.45
"476",1934,0.416,52,"Aug",4.36
"477",1934,0.416,52,"Sep",1.56
"478",1934,0.416,52,"Oct",0.61
"479",1934,0.416,52,"Nov",0.68
"480",1934,0.416,52,"Dec",1.21
"481",1935,1.604,52,"Jan",1.97
"482",1935,1.604,52,"Feb",1.45
"483",1935,1.604,52,"Mar",0.53
"484",1935,1.604,52,"Apr",0.98
"485",1935,1.604,52,"May",1.46
"486",1935,1.604,52,"Jun",0.26
"487",1935,1.604,52,"Jul",1.72
"488",1935,1.604,52,"Aug",4.41
"489",1935,1.604,52,"Sep",2.84
"490",1935,1.604,52,"Oct",0.18
"491",1935,1.604,52,"Nov",1.29
"492",1935,1.604,52,"Dec",1.55
"493",1936,1.093,54,"Jan",1.36
"494",1936,1.093,54,"Feb",1.39
"495",1936,1.093,54,"Mar",0.46
"496",1936,1.093,54,"Apr",0.54
"497",1936,1.093,54,"May",0.88
"498",1936,1.093,54,"Jun",0.78
"499",1936,1.093,54,"Jul",1.71
"500",1936,1.093,54,"Aug",2.5
"501",1936,1.093,54,"Sep",2.97
"502",1936,1.093,54,"Oct",0.5
"503",1936,1.093,54,"Nov",0.58
"504",1936,1.093,54,"Dec",0.75
"505",1937,1.525,54,"Jan",0.73
"506",1937,1.525,54,"Feb",1.57
"507",1937,1.525,54,"Mar",1.4
"508",1937,1.525,54,"Apr",0.14
"509",1937,1.525,54,"May",1.72
"510",1937,1.525,54,"Jun",1.78
"511",1937,1.525,54,"Jul",1.94
"512",1937,1.525,54,"Aug",1.85
"513",1937,1.525,54,"Sep",2.34
"514",1937,1.525,54,"Oct",1.48
"515",1937,1.525,54,"Nov",0.09
"516",1937,1.525,54,"Dec",0.89
"517",1938,0.421,54,"Jan",0.51
"518",1938,0.421,54,"Feb",1.07
"519",1938,0.421,54,"Mar",1.36
"520",1938,0.421,54,"Apr",0.53
"521",1938,0.421,54,"May",0.13
"522",1938,0.421,54,"Jun",1.99
"523",1938,0.421,54,"Jul",2.16
"524",1938,0.421,54,"Aug",1.6
"525",1938,0.421,54,"Sep",2.51
"526",1938,0.421,54,"Oct",0.08
"527",1938,0.421,54,"Nov",0.13
"528",1938,0.421,54,"Dec",1.08
"529",1939,1.048,54,"Jan",1.46
"530",1939,1.048,54,"Feb",0.82
"531",1939,1.048,54,"Mar",1.78
"532",1939,1.048,54,"Apr",1.1
"533",1939,1.048,54,"May",0.14
"534",1939,1.048,54,"Jun",0.1
"535",1939,1.048,54,"Jul",1.77
"536",1939,1.048,54,"Aug",1.57
"537",1939,1.048,54,"Sep",2.04
"538",1939,1.048,54,"Oct",1.34
"539",1939,1.048,54,"Nov",0.77
"540",1939,1.048,54,"Dec",0.7
"541",1940,1.13,54,"Jan",0.59
"542",1940,1.13,54,"Feb",1.89
"543",1940,1.13,54,"Mar",0.6
"544",1940,1.13,54,"Apr",0.72
"545",1940,1.13,54,"May",1.24
"546",1940,1.13,54,"Jun",1.41
"547",1940,1.13,54,"Jul",2.43
"548",1940,1.13,54,"Aug",2.75
"549",1940,1.13,54,"Sep",2.99
"550",1940,1.13,54,"Oct",0.42
"551",1940,1.13,54,"Nov",1.63
"552",1940,1.13,54,"Dec",1.99
"553",1941,1.591,52,"Jan",1.79
"554",1941,1.591,52,"Feb",1.48
"555",1941,1.591,52,"Mar",2.14
"556",1941,1.591,52,"Apr",2.11
"557",1941,1.591,52,"May",1.98
"558",1941,1.591,52,"Jun",0.94
"559",1941,1.591,52,"Jul",2.51
"560",1941,1.591,52,"Aug",2.96
"561",1941,1.591,52,"Sep",4.17
"562",1941,1.591,52,"Oct",1.83
"563",1941,1.591,52,"Nov",0.79
"564",1941,1.591,52,"Dec",1.36
"565",1942,1.172,54,"Jan",0.57
"566",1942,1.172,54,"Feb",0.61
"567",1942,1.172,54,"Mar",0.22
"568",1942,1.172,54,"Apr",1.34
"569",1942,1.172,54,"May",0
"570",1942,1.172,54,"Jun",0.08
"571",1942,1.172,54,"Jul",1.37
"572",1942,1.172,54,"Aug",2.68
"573",1942,1.172,54,"Sep",1.57
"574",1942,1.172,54,"Oct",0.99
"575",1942,1.172,54,"Nov",0.01
"576",1942,1.172,54,"Dec",1.41
"577",1943,0.772,54,"Jan",1.03
"578",1943,0.772,54,"Feb",0.34
"579",1943,0.772,54,"Mar",0.81
"580",1943,0.772,54,"Apr",0.23
"581",1943,0.772,54,"May",0.58
"582",1943,0.772,54,"Jun",1.75
"583",1943,0.772,54,"Jul",2.13
"584",1943,0.772,54,"Aug",2.96
"585",1943,0.772,54,"Sep",1.44
"586",1943,0.772,54,"Oct",0.58
"587",1943,0.772,54,"Nov",0.22
"588",1943,0.772,54,"Dec",1.13
"589",1944,0.888,54,"Jan",0.66
"590",1944,0.888,54,"Feb",0.6
"591",1944,0.888,54,"Mar",0.54
"592",1944,0.888,54,"Apr",0.35
"593",1944,0.888,54,"May",0.4
"594",1944,0.888,54,"Jun",0.26
"595",1944,0.888,54,"Jul",2.34
"596",1944,0.888,54,"Aug",2.76
"597",1944,0.888,54,"Sep",2.44
"598",1944,0.888,54,"Oct",1.2
"599",1944,0.888,54,"Nov",1.09
"600",1944,0.888,54,"Dec",0.77
"601",1945,0.448,54,"Jan",0.89
"602",1945,0.448,54,"Feb",0.21
"603",1945,0.448,54,"Mar",1.07
"604",1945,0.448,54,"Apr",0.26
"605",1945,0.448,54,"May",0.02
"606",1945,0.448,54,"Jun",0.08
"607",1945,0.448,54,"Jul",1.58
"608",1945,0.448,54,"Aug",2.89
"609",1945,0.448,54,"Sep",0.39
"610",1945,0.448,54,"Oct",1.12
"611",1945,0.448,54,"Nov",0
"612",1945,0.448,54,"Dec",0.69
"613",1946,0.426,53,"Jan",1.48
"614",1946,0.426,53,"Feb",0.11
"615",1946,0.426,53,"Mar",0.61
"616",1946,0.426,53,"Apr",0.35
"617",1946,0.426,53,"May",0.13
"618",1946,0.426,53,"Jun",0.36
"619",1946,0.426,53,"Jul",2.39
"620",1946,0.426,53,"Aug",3.76
"621",1946,0.426,53,"Sep",1.97
"622",1946,0.426,53,"Oct",0.77
"623",1946,0.426,53,"Nov",0.96
"624",1946,0.426,53,"Dec",0.36
"625",1947,0.556,53,"Jan",0.58
"626",1947,0.556,53,"Feb",0.18
"627",1947,0.556,53,"Mar",0.22
"628",1947,0.556,53,"Apr",0.08
"629",1947,0.556,53,"May",0.91
"630",1947,0.556,53,"Jun",0.64
"631",1947,0.556,53,"Jul",1.57
"632",1947,0.556,53,"Aug",4.28
"633",1947,0.556,53,"Sep",0.99
"634",1947,0.556,53,"Oct",0.71
"635",1947,0.556,53,"Nov",0.68
"636",1947,0.556,53,"Dec",0.82
"637",1948,1.447,53,"Jan",0.66
"638",1948,1.447,53,"Feb",2.42
"639",1948,1.447,53,"Mar",1.03
"640",1948,1.447,53,"Apr",0.08
"641",1948,1.447,53,"May",0.35
"642",1948,1.447,53,"Jun",1.4
"643",1948,1.447,53,"Jul",1.46
"644",1948,1.447,53,"Aug",2.12
"645",1948,1.447,53,"Sep",1.13
"646",1948,1.447,53,"Oct",1.27
"647",1948,1.447,53,"Nov",0.13
"648",1948,1.447,53,"Dec",1.42
"649",1949,0.971,55,"Jan",2.2
"650",1949,0.971,55,"Feb",0.57
"651",1949,0.971,55,"Mar",0.48
"652",1949,0.971,55,"Apr",0.71
"653",1949,0.971,55,"May",0.68
"654",1949,0.971,55,"Jun",1.14
"655",1949,0.971,55,"Jul",2.8
"656",1949,0.971,55,"Aug",1.63
"657",1949,0.971,55,"Sep",2.11
"658",1949,0.971,55,"Oct",0.64
"659",1949,0.971,55,"Nov",0.15
"660",1949,0.971,55,"Dec",0.94
"661",1950,0.404,57,"Jan",0.23
"662",1950,0.404,57,"Feb",0.42
"663",1950,0.404,57,"Mar",0.41
"664",1950,0.404,57,"Apr",0.23
"665",1950,0.404,57,"May",0.01
"666",1950,0.404,57,"Jun",0.23
"667",1950,0.404,57,"Jul",3.5
"668",1950,0.404,57,"Aug",0.86
"669",1950,0.404,57,"Sep",1.54
"670",1950,0.404,57,"Oct",0.35
"671",1950,0.404,57,"Nov",0.02
"672",1950,0.404,57,"Dec",0.01
"673",1951,-0.033,57,"Jan",0.91
"674",1951,-0.033,57,"Feb",0.39
"675",1951,-0.033,57,"Mar",0.65
"676",1951,-0.033,57,"Apr",0.98
"677",1951,-0.033,57,"May",0.12
"678",1951,-0.033,57,"Jun",0.01
"679",1951,-0.033,57,"Jul",1.62
"680",1951,-0.033,57,"Aug",2.62
"681",1951,-0.033,57,"Sep",0.38
"682",1951,-0.033,57,"Oct",1.13
"683",1951,-0.033,57,"Nov",0.36
"684",1951,-0.033,57,"Dec",1.29
"685",1952,0.667,57,"Jan",1.42
"686",1952,0.667,57,"Feb",0.39
"687",1952,0.667,57,"Mar",1.24
"688",1952,0.667,57,"Apr",1.59
"689",1952,0.667,57,"May",0.5
"690",1952,0.667,57,"Jun",1.6
"691",1952,0.667,57,"Jul",2.03
"692",1952,0.667,57,"Aug",2.03
"693",1952,0.667,57,"Sep",1.27
"694",1952,0.667,57,"Oct",0
"695",1952,0.667,57,"Nov",0.96
"696",1952,0.667,57,"Dec",0.47
"697",1953,0.319,56,"Jan",0.1
"698",1953,0.319,56,"Feb",0.84
"699",1953,0.319,56,"Mar",1.67
"700",1953,0.319,56,"Apr",0.9
"701",1953,0.319,56,"May",0.14
"702",1953,0.319,56,"Jun",0.75
"703",1953,0.319,56,"Jul",2.59
"704",1953,0.319,56,"Aug",1.62
"705",1953,0.319,56,"Sep",0.03
"706",1953,0.319,56,"Oct",0.37
"707",1953,0.319,56,"Nov",0.36
"708",1953,0.319,56,"Dec",0.4
"709",1954,0.256,56,"Jan",0.45
"710",1954,0.256,56,"Feb",0.14
"711",1954,0.256,56,"Mar",1.49
"712",1954,0.256,56,"Apr",0.11
"713",1954,0.256,56,"May",0.58
"714",1954,0.256,56,"Jun",0.53
"715",1954,0.256,56,"Jul",2.68
"716",1954,0.256,56,"Aug",2.95
"717",1954,0.256,56,"Sep",1.66
"718",1954,0.256,56,"Oct",0.9
"719",1954,0.256,56,"Nov",0.01
"720",1954,0.256,56,"Dec",0.2
"721",1955,0.176,58,"Jan",1.03
"722",1955,0.176,58,"Feb",0.3
"723",1955,0.176,58,"Mar",0.2
"724",1955,0.176,58,"Apr",0.1
"725",1955,0.176,58,"May",0.69
"726",1955,0.176,58,"Jun",0.44
"727",1955,0.176,58,"Jul",2.99
"728",1955,0.176,58,"Aug",3.74
"729",1955,0.176,58,"Sep",0.19
"730",1955,0.176,58,"Oct",0.93
"731",1955,0.176,58,"Nov",0.08
"732",1955,0.176,58,"Dec",0.45
"733",1956,0.621,58,"Jan",0.87
"734",1956,0.621,58,"Feb",0.94
"735",1956,0.621,58,"Mar",0.02
"736",1956,0.621,58,"Apr",0.2
"737",1956,0.621,58,"May",0.16
"738",1956,0.621,58,"Jun",0.53
"739",1956,0.621,58,"Jul",1.97
"740",1956,0.621,58,"Aug",1.28
"741",1956,0.621,58,"Sep",0.07
"742",1956,0.621,58,"Oct",0.52
"743",1956,0.621,58,"Nov",0.02
"744",1956,0.621,58,"Dec",0.14
"745",1957,0.343,58,"Jan",1.22
"746",1957,0.343,58,"Feb",0.66
"747",1957,0.343,58,"Mar",1.1
"748",1957,0.343,58,"Apr",0.84
"749",1957,0.343,58,"May",0.92
"750",1957,0.343,58,"Jun",0.84
"751",1957,0.343,58,"Jul",3.54
"752",1957,0.343,58,"Aug",5.05
"753",1957,0.343,58,"Sep",0.18
"754",1957,0.343,58,"Oct",2.32
"755",1957,0.343,58,"Nov",0.74
"756",1957,0.343,58,"Dec",0.25
"757",1958,0.891,58,"Jan",0.61
"758",1958,0.891,58,"Feb",0.94
"759",1958,0.891,58,"Mar",2.61
"760",1958,0.891,58,"Apr",1.36
"761",1958,0.891,58,"May",0.28
"762",1958,0.891,58,"Jun",0.72
"763",1958,0.891,58,"Jul",1.89
"764",1958,0.891,58,"Aug",2.29
"765",1958,0.891,58,"Sep",2.57
"766",1958,0.891,58,"Oct",1.77
"767",1958,0.891,58,"Nov",0.42
"768",1958,0.891,58,"Dec",0.1
"769",1959,0.098,61,"Jan",0.24
"770",1959,0.098,61,"Feb",0.57
"771",1959,0.098,61,"Mar",0.11
"772",1959,0.098,61,"Apr",0.66
"773",1959,0.098,61,"May",0.15
"774",1959,0.098,61,"Jun",0.78
"775",1959,0.098,61,"Jul",2.39
"776",1959,0.098,61,"Aug",4.12
"777",1959,0.098,61,"Sep",0.07
"778",1959,0.098,61,"Oct",2.27
"779",1959,0.098,61,"Nov",0.45
"780",1959,0.098,61,"Dec",1.9
"781",1960,0.934,62,"Jan",1.13
"782",1960,0.934,62,"Feb",0.39
"783",1960,0.934,62,"Mar",0.28
"784",1960,0.934,62,"Apr",0.14
"785",1960,0.934,62,"May",0.49
"786",1960,0.934,62,"Jun",0.69
"787",1960,0.934,62,"Jul",1.67
"788",1960,0.934,62,"Aug",1.49
"789",1960,0.934,62,"Sep",0.92
"790",1960,0.934,62,"Oct",2.98
"791",1960,0.934,62,"Nov",0.07
"792",1960,0.934,62,"Dec",1.2
"793",1961,0.616,62,"Jan",0.5
"794",1961,0.616,62,"Feb",0.13
"795",1961,0.616,62,"Mar",1.13
"796",1961,0.616,62,"Apr",0.32
"797",1961,0.616,62,"May",0.07
"798",1961,0.616,62,"Jun",0.7
"799",1961,0.616,62,"Jul",1.83
"800",1961,0.616,62,"Aug",2.72
"801",1961,0.616,62,"Sep",1.78
"802",1961,0.616,62,"Oct",1.54
"803",1961,0.616,62,"Nov",1.47
"804",1961,0.616,62,"Dec",1.53
"805",1962,0.924,64,"Jan",1.14
"806",1962,0.924,64,"Feb",0.28
"807",1962,0.924,64,"Mar",0.52
"808",1962,0.924,64,"Apr",0.33
"809",1962,0.924,64,"May",0.03
"810",1962,0.924,64,"Jun",0.56
"811",1962,0.924,64,"Jul",2.76
"812",1962,0.924,64,"Aug",0.73
"813",1962,0.924,64,"Sep",3
"814",1962,0.924,64,"Oct",1.67
"815",1962,0.924,64,"Nov",0.96
"816",1962,0.924,64,"Dec",1.45
"817",1963,0.924,64,"Jan",0.74
"818",1963,0.924,64,"Feb",1.12
"819",1963,0.924,64,"Mar",0.41
"820",1963,0.924,64,"Apr",0.29
"821",1963,0.924,64,"May",0.05
"822",1963,0.924,64,"Jun",0.16
"823",1963,0.924,64,"Jul",1.6
"824",1963,0.924,64,"Aug",4.28
"825",1963,0.924,64,"Sep",2.09
"826",1963,0.924,64,"Oct",1.05
"827",1963,0.924,64,"Nov",0.76
"828",1963,0.924,64,"Dec",0.1
"829",1964,1.255,64,"Jan",0.21
"830",1964,1.255,64,"Feb",0.75
"831",1964,1.255,64,"Mar",0.55
"832",1964,1.255,64,"Apr",0.82
"833",1964,1.255,64,"May",0.33
"834",1964,1.255,64,"Jun",0.13
"835",1964,1.255,64,"Jul",3.08
"836",1964,1.255,64,"Aug",2.55
"837",1964,1.255,64,"Sep",3.03
"838",1964,1.255,64,"Oct",0.11
"839",1964,1.255,64,"Nov",0.59
"840",1964,1.255,64,"Dec",0.75
"841",1965,1.794,64,"Jan",0.97
"842",1965,1.794,64,"Feb",0.71
"843",1965,1.794,64,"Mar",0.46
"844",1965,1.794,64,"Apr",0.71
"845",1965,1.794,64,"May",0.31
"846",1965,1.794,64,"Jun",1.28
"847",1965,1.794,64,"Jul",3.95
"848",1965,1.794,64,"Aug",2.9
"849",1965,1.794,64,"Sep",2.4
"850",1965,1.794,64,"Oct",0.3
"851",1965,1.794,64,"Nov",0.48
"852",1965,1.794,64,"Dec",3.35
"853",1966,1.332,64,"Jan",0.88
"854",1966,1.332,64,"Feb",0.66
"855",1966,1.332,64,"Mar",0.18
"856",1966,1.332,64,"Apr",0.23
"857",1966,1.332,64,"May",0.04
"858",1966,1.332,64,"Jun",1.65
"859",1966,1.332,64,"Jul",2.6
"860",1966,1.332,64,"Aug",3.15
"861",1966,1.332,64,"Sep",2
"862",1966,1.332,64,"Oct",0.26
"863",1966,1.332,64,"Nov",0.39
"864",1966,1.332,64,"Dec",0.62
"865",1967,0.538,66,"Jan",0.08
"866",1967,0.538,66,"Feb",0.53
"867",1967,0.538,66,"Mar",0.41
"868",1967,0.538,66,"Apr",0.1
"869",1967,0.538,66,"May",0.24
"870",1967,0.538,66,"Jun",1.67
"871",1967,0.538,66,"Jul",3.05
"872",1967,0.538,66,"Aug",4.04
"873",1967,0.538,66,"Sep",2.72
"874",1967,0.538,66,"Oct",0.31
"875",1967,0.538,66,"Nov",0.56
"876",1967,0.538,66,"Dec",2.42
"877",1968,1.42,66,"Jan",0.44
"878",1968,1.42,66,"Feb",0.95
"879",1968,1.42,66,"Mar",1.26
"880",1968,1.42,66,"Apr",0.34
"881",1968,1.42,66,"May",0.25
"882",1968,1.42,66,"Jun",0.23
"883",1968,1.42,66,"Jul",2.78
"884",1968,1.42,66,"Aug",3.76
"885",1968,1.42,66,"Sep",0.37
"886",1968,1.42,66,"Oct",0.39
"887",1968,1.42,66,"Nov",0.79
"888",1968,1.42,66,"Dec",1.1
"889",1969,1.286,66,"Jan",0.41
"890",1969,1.286,66,"Feb",0.35
"891",1969,1.286,66,"Mar",0.85
"892",1969,1.286,66,"Apr",0.39
"893",1969,1.286,66,"May",1.24
"894",1969,1.286,66,"Jun",0.34
"895",1969,1.286,66,"Jul",2.62
"896",1969,1.286,66,"Aug",3.33
"897",1969,1.286,66,"Sep",1.81
"898",1969,1.286,66,"Oct",2.11
"899",1969,1.286,66,"Nov",0.25
"900",1969,1.286,66,"Dec",1.01
"901",1970,1.396,66,"Jan",0.07
"902",1970,1.396,66,"Feb",0.67
"903",1970,1.396,66,"Mar",1.29
"904",1970,1.396,66,"Apr",0.3
"905",1970,1.396,66,"May",0.31
"906",1970,1.396,66,"Jun",0.6
"907",1970,1.396,66,"Jul",2.41
"908",1970,1.396,66,"Aug",2.45
"909",1970,1.396,66,"Sep",0.68
"910",1970,1.396,66,"Oct",1.69
"911",1970,1.396,66,"Nov",0.15
"912",1970,1.396,66,"Dec",0.36
"913",1971,0.176,66,"Jan",0.29
"914",1971,0.176,66,"Feb",0.42
"915",1971,0.176,66,"Mar",0.11
"916",1971,0.176,66,"Apr",0.39
"917",1971,0.176,66,"May",0.1
"918",1971,0.176,66,"Jun",0.08
"919",1971,0.176,66,"Jul",2.06
"920",1971,0.176,66,"Aug",3.67
"921",1971,0.176,66,"Sep",2.11
"922",1971,0.176,66,"Oct",2.69
"923",1971,0.176,66,"Nov",0.74
"924",1971,0.176,66,"Dec",1.49
"925",1972,0.43,66,"Jan",0.09
"926",1972,0.43,66,"Feb",0.08
"927",1972,0.43,66,"Mar",0.04
"928",1972,0.43,66,"Apr",0.02
"929",1972,0.43,66,"May",0.36
"930",1972,0.43,66,"Jun",1.94
"931",1972,0.43,66,"Jul",2.06
"932",1972,0.43,66,"Aug",4.22
"933",1972,0.43,66,"Sep",2.52
"934",1972,0.43,66,"Oct",5.18
"935",1972,0.43,66,"Nov",0.67
"936",1972,0.43,66,"Dec",0.81
"937",1973,1.192,66,"Jan",0.84
"938",1973,1.192,66,"Feb",1.61
"939",1973,1.192,66,"Mar",1.55
"940",1973,1.192,66,"Apr",0.51
"941",1973,1.192,66,"May",1.32
"942",1973,1.192,66,"Jun",0.53
"943",1973,1.192,66,"Jul",2.49
"944",1973,1.192,66,"Aug",1.65
"945",1973,1.192,66,"Sep",0.48
"946",1973,1.192,66,"Oct",0.1
"947",1973,1.192,66,"Nov",0.24
"948",1973,1.192,66,"Dec",0.09
"949",1974,0.253,66,"Jan",1.03
"950",1974,0.253,66,"Feb",0.17
"951",1974,0.253,66,"Mar",0.55
"952",1974,0.253,66,"Apr",0.2
"953",1974,0.253,66,"May",0.12
"954",1974,0.253,66,"Jun",0.07
"955",1974,0.253,66,"Jul",2.71
"956",1974,0.253,66,"Aug",2.85
"957",1974,0.253,66,"Sep",2.07
"958",1974,0.253,66,"Oct",3.55
"959",1974,0.253,66,"Nov",0.21
"960",1974,0.253,66,"Dec",0.65
"961",1975,1.287,66,"Jan",1.26
"962",1975,1.287,66,"Feb",0.79
"963",1975,1.287,66,"Mar",1.2
"964",1975,1.287,66,"Apr",0.37
"965",1975,1.287,66,"May",0.24
"966",1975,1.287,66,"Jun",0.04
"967",1975,1.287,66,"Jul",3.61
"968",1975,1.287,66,"Aug",1.92
"969",1975,1.287,66,"Sep",5.11
"970",1975,1.287,66,"Oct",0.29
"971",1975,1.287,66,"Nov",0.59
"972",1975,1.287,66,"Dec",0.67
"973",1976,0.751,66,"Jan",0.14
"974",1976,0.751,66,"Feb",1.32
"975",1976,0.751,66,"Mar",0.68
"976",1976,0.751,66,"Apr",0.29
"977",1976,0.751,66,"May",0.81
"978",1976,0.751,66,"Jun",0.51
"979",1976,0.751,66,"Jul",2.92
"980",1976,0.751,66,"Aug",2.23
"981",1976,0.751,66,"Sep",1.62
"982",1976,0.751,66,"Oct",1.02
"983",1976,0.751,66,"Nov",0.61
"984",1976,0.751,66,"Dec",0.05
"985",1977,0.394,66,"Jan",0.81
"986",1977,0.394,66,"Feb",0.57
"987",1977,0.394,66,"Mar",1.09
"988",1977,0.394,66,"Apr",0.48
"989",1977,0.394,66,"May",0.21
"990",1977,0.394,66,"Jun",0.91
"991",1977,0.394,66,"Jul",3.32
"992",1977,0.394,66,"Aug",3.21
"993",1977,0.394,66,"Sep",2.06
"994",1977,0.394,66,"Oct",0.66
"995",1977,0.394,66,"Nov",0.55
"996",1977,0.394,66,"Dec",0.42
"997",1978,0.849,66,"Jan",1.69
"998",1978,0.849,66,"Feb",1.44
"999",1978,0.849,66,"Mar",1.37
"1000",1978,0.849,66,"Apr",0.05
"1001",1978,0.849,66,"May",1.11
"1002",1978,0.849,66,"Jun",0.87
"1003",1978,0.849,66,"Jul",1.46
"1004",1978,0.849,66,"Aug",2.43
"1005",1978,0.849,66,"Sep",0.98
"1006",1978,0.849,66,"Oct",1.52
"1007",1978,0.849,66,"Nov",2.67
"1008",1978,0.849,66,"Dec",1.92
"1009",1979,1.109,66,"Jan",2.03
"1010",1979,1.109,66,"Feb",0.95
"1011",1979,1.109,66,"Mar",0.45
"1012",1979,1.109,66,"Apr",0.39
"1013",1979,1.109,66,"May",1.87
"1014",1979,1.109,66,"Jun",1.71
"1015",1979,1.109,66,"Jul",1.66
"1016",1979,1.109,66,"Aug",2.9
"1017",1979,1.109,66,"Sep",1.43
"1018",1979,1.109,66,"Oct",0.4
"1019",1979,1.109,66,"Nov",0.9
"1020",1979,1.109,66,"Dec",0.85
"1021",1980,1.175,66,"Jan",1.51
"1022",1980,1.175,66,"Feb",1.86
"1023",1980,1.175,66,"Mar",0.7
"1024",1980,1.175,66,"Apr",0.52
"1025",1980,1.175,66,"May",0.42
"1026",1980,1.175,66,"Jun",0.07
"1027",1980,1.175,66,"Jul",1.56
"1028",1980,1.175,66,"Aug",2.64
"1029",1980,1.175,66,"Sep",2.51
"1030",1980,1.175,66,"Oct",0.36
"1031",1980,1.175,66,"Nov",0.19
"1032",1980,1.175,66,"Dec",0.41
"1033",1981,0.754,66,"Jan",0.66
"1034",1981,0.754,66,"Feb",0.36
"1035",1981,0.754,66,"Mar",1.7
"1036",1981,0.754,66,"Apr",0.63
"1037",1981,0.754,66,"May",0.76
"1038",1981,0.754,66,"Jun",0.9
"1039",1981,0.754,66,"Jul",3.64
"1040",1981,0.754,66,"Aug",2.47
"1041",1981,0.754,66,"Sep",1.68
"1042",1981,0.754,66,"Oct",1.3
"1043",1981,0.754,66,"Nov",0.59
"1044",1981,0.754,66,"Dec",0.03
"1045",1982,1.351,66,"Jan",1.19
"1046",1982,1.351,66,"Feb",1.66
"1047",1982,1.351,66,"Mar",1.28
"1048",1982,1.351,66,"Apr",0.22
"1049",1982,1.351,66,"May",1.13
"1050",1982,1.351,66,"Jun",0.13
"1051",1982,1.351,66,"Jul",1.94
"1052",1982,1.351,66,"Aug",3.91
"1053",1982,1.351,66,"Sep",2.23
"1054",1982,1.351,66,"Oct",0.05
"1055",1982,1.351,66,"Nov",1.5
"1056",1982,1.351,66,"Dec",2.09
"1057",1983,1.649,66,"Jan",1.6
"1058",1983,1.649,66,"Feb",1.18
"1059",1983,1.649,66,"Mar",1.75
"1060",1983,1.649,66,"Apr",0.49
"1061",1983,1.649,66,"May",0.39
"1062",1983,1.649,66,"Jun",0.45
"1063",1983,1.649,66,"Jul",2.3
"1064",1983,1.649,66,"Aug",2.75
"1065",1983,1.649,66,"Sep",3.16
"1066",1983,1.649,66,"Oct",2.34
"1067",1983,1.649,66,"Nov",1.38
"1068",1983,1.649,66,"Dec",0.75
"1069",1984,1.737,66,"Jan",0.66
"1070",1984,1.737,66,"Feb",0.04
"1071",1984,1.737,66,"Mar",0.76
"1072",1984,1.737,66,"Apr",0.7
"1073",1984,1.737,66,"May",0.34
"1074",1984,1.737,66,"Jun",1.26
"1075",1984,1.737,66,"Jul",2.34
"1076",1984,1.737,66,"Aug",3.94
"1077",1984,1.737,66,"Sep",1.97
"1078",1984,1.737,66,"Oct",2.54
"1079",1984,1.737,66,"Nov",0.86
"1080",1984,1.737,66,"Dec",2.88
"1081",1985,1.805,66,"Jan",1.51
"1082",1985,1.805,66,"Feb",0.65
"1083",1985,1.805,66,"Mar",1.25
"1084",1985,1.805,66,"Apr",1.82
"1085",1985,1.805,66,"May",0.47
"1086",1985,1.805,66,"Jun",0.7
"1087",1985,1.805,66,"Jul",2.66
"1088",1985,1.805,66,"Aug",2.26
"1089",1985,1.805,66,"Sep",2.42
"1090",1985,1.805,66,"Oct",2.86
"1091",1985,1.805,66,"Nov",1.04
"1092",1985,1.805,66,"Dec",0.39
"1093",1986,1.998,66,"Jan",0.12
"1094",1986,1.998,66,"Feb",1.28
"1095",1986,1.998,66,"Mar",0.86
"1096",1986,1.998,66,"Apr",0.22
"1097",1986,1.998,66,"May",0.88
"1098",1986,1.998,66,"Jun",2.03
"1099",1986,1.998,66,"Jul",4.01
"1100",1986,1.998,66,"Aug",2.57
"1101",1986,1.998,66,"Sep",1.32
"1102",1986,1.998,66,"Oct",2.64
"1103",1986,1.998,66,"Nov",2.53
"1104",1986,1.998,66,"Dec",1.54
"1105",1987,1.913,66,"Jan",1.11
"1106",1987,1.913,66,"Feb",1.57
"1107",1987,1.913,66,"Mar",0.64
"1108",1987,1.913,66,"Apr",0.35
"1109",1987,1.913,66,"May",0.88
"1110",1987,1.913,66,"Jun",1
"1111",1987,1.913,66,"Jul",2.16
"1112",1987,1.913,66,"Aug",3.4
"1113",1987,1.913,66,"Sep",0.93
"1114",1987,1.913,66,"Oct",0.7
"1115",1987,1.913,66,"Nov",1
"1116",1987,1.913,66,"Dec",1.93
"1117",1988,1.381,65,"Jan",0.75
"1118",1988,1.381,65,"Feb",1.02
"1119",1988,1.381,65,"Mar",0.24
"1120",1988,1.381,65,"Apr",1.94
"1121",1988,1.381,65,"May",0.17
"1122",1988,1.381,65,"Jun",1.1
"1123",1988,1.381,65,"Jul",2.74
"1124",1988,1.381,65,"Aug",4.68
"1125",1988,1.381,65,"Sep",2.01
"1126",1988,1.381,65,"Oct",0.79
"1127",1988,1.381,65,"Nov",0.33
"1128",1988,1.381,65,"Dec",0.65
"1129",1989,0.406,65,"Jan",1.11
"1130",1989,0.406,65,"Feb",0.4
"1131",1989,0.406,65,"Mar",0.44
"1132",1989,0.406,65,"Apr",0.01
"1133",1989,0.406,65,"May",0.21
"1134",1989,0.406,65,"Jun",0.06
"1135",1989,0.406,65,"Jul",3.69
"1136",1989,0.406,65,"Aug",1.68
"1137",1989,0.406,65,"Sep",1.16
"1138",1989,0.406,65,"Oct",1.66
"1139",1989,0.406,65,"Nov",0.06
"1140",1989,0.406,65,"Dec",0.24
"1141",1990,0.77,62,"Jan",0.74
"1142",1990,0.77,62,"Feb",0.57
"1143",1990,0.77,62,"Mar",0.77
"1144",1990,0.77,62,"Apr",1.09
"1145",1990,0.77,62,"May",0.79
"1146",1990,0.77,62,"Jun",0.37
"1147",1990,0.77,62,"Jul",3.94
"1148",1990,0.77,62,"Aug",2.78
"1149",1990,0.77,62,"Sep",3.16
"1150",1990,0.77,62,"Oct",0.47
"1151",1990,0.77,62,"Nov",1.58
"1152",1990,0.77,62,"Dec",1.76
"1153",1991,1.432,60,"Jan",0.75
"1154",1991,1.432,60,"Feb",0.67
"1155",1991,1.432,60,"Mar",1.4
"1156",1991,1.432,60,"Apr",0.01
"1157",1991,1.432,60,"May",0.3
"1158",1991,1.432,60,"Jun",0.82
"1159",1991,1.432,60,"Jul",2.9
"1160",1991,1.432,60,"Aug",3.8
"1161",1991,1.432,60,"Sep",1.71
"1162",1991,1.432,60,"Oct",0.49
"1163",1991,1.432,60,"Nov",1.53
"1164",1991,1.432,60,"Dec",2.65
"1165",1992,1.519,60,"Jan",1.1
"1166",1992,1.519,60,"Feb",0.77
"1167",1992,1.519,60,"Mar",1.29
"1168",1992,1.519,60,"Apr",0.76
"1169",1992,1.519,60,"May",3.01
"1170",1992,1.519,60,"Jun",0.53
"1171",1992,1.519,60,"Jul",2.87
"1172",1992,1.519,60,"Aug",3.04
"1173",1992,1.519,60,"Sep",1.02
"1174",1992,1.519,60,"Oct",1.08
"1175",1992,1.519,60,"Nov",0.54
"1176",1992,1.519,60,"Dec",2.44
"1177",1993,1.1,60,"Jan",2.49
"1178",1993,1.1,60,"Feb",1.55
"1179",1993,1.1,60,"Mar",0.87
"1180",1993,1.1,60,"Apr",0.09
"1181",1993,1.1,60,"May",0.64
"1182",1993,1.1,60,"Jun",0.54
"1183",1993,1.1,60,"Jul",1.04
"1184",1993,1.1,60,"Aug",5.82
"1185",1993,1.1,60,"Sep",0.55
"1186",1993,1.1,60,"Oct",1.29
"1187",1993,1.1,60,"Nov",0.74
"1188",1993,1.1,60,"Dec",0.27
"1189",1994,0.87,60,"Jan",0.34
"1190",1994,0.87,60,"Feb",0.8
"1191",1994,0.87,60,"Mar",0.91
"1192",1994,0.87,60,"Apr",0.34
"1193",1994,0.87,60,"May",1.45
"1194",1994,0.87,60,"Jun",0.4
"1195",1994,0.87,60,"Jul",1.49
"1196",1994,0.87,60,"Aug",2.59
"1197",1994,0.87,60,"Sep",2.19
"1198",1994,0.87,60,"Oct",1.64
"1199",1994,0.87,60,"Nov",2.7
"1200",1994,0.87,60,"Dec",1.77
"1201",1995,0.84,60,"Jan",1.46
"1202",1995,0.84,60,"Feb",0.54
"1203",1995,0.84,60,"Mar",0.7
"1204",1995,0.84,60,"Apr",0.39
"1205",1995,0.84,60,"May",0.28
"1206",1995,0.84,60,"Jun",0.33
"1207",1995,0.84,60,"Jul",1.48
"1208",1995,0.84,60,"Aug",3.21
"1209",1995,0.84,60,"Sep",1.81
"1210",1995,0.84,60,"Oct",0.02
"1211",1995,0.84,60,"Nov",0.45
"1212",1995,0.84,60,"Dec",0.53
"1213",1996,0.27,60,"Jan",0.4
"1214",1996,0.27,60,"Feb",1.02
"1215",1996,0.27,60,"Mar",0.16
"1216",1996,0.27,60,"Apr",0.11
"1217",1996,0.27,60,"May",0.01
"1218",1996,0.27,60,"Jun",1.65
"1219",1996,0.27,60,"Jul",2.89
"1220",1996,0.27,60,"Aug",3.06
"1221",1996,0.27,60,"Sep",2.79
"1222",1996,0.27,60,"Oct",2.59
"1223",1996,0.27,60,"Nov",0.64
"1224",1996,0.27,60,"Dec",0.09
"1225",1997,1.586,60,"Jan",1.22
"1226",1997,1.586,60,"Feb",1.1
"1227",1997,1.586,60,"Mar",0.28
"1228",1997,1.586,60,"Apr",1.08
"1229",1997,1.586,60,"May",1.02
"1230",1997,1.586,60,"Jun",1.13
"1231",1997,1.586,60,"Jul",3.04
"1232",1997,1.586,60,"Aug",2.35
"1233",1997,1.586,60,"Sep",3.81
"1234",1997,1.586,60,"Oct",0.99
"1235",1997,1.586,60,"Nov",0.82
"1236",1997,1.586,60,"Dec",1.85
"1237",1998,1.532,60,"Jan",0.29
"1238",1998,1.532,60,"Feb",1.1
"1239",1998,1.532,60,"Mar",2.06
"1240",1998,1.532,60,"Apr",0.55
"1241",1998,1.532,60,"May",0.01
"1242",1998,1.532,60,"Jun",0.21
"1243",1998,1.532,60,"Jul",4.97
"1244",1998,1.532,60,"Aug",2.55
"1245",1998,1.532,60,"Sep",0.79
"1246",1998,1.532,60,"Oct",2.49
"1247",1998,1.532,60,"Nov",0.9
"1248",1998,1.532,60,"Dec",0.55
"1249",1999,1.157,60,"Jan",0.19
"1250",1999,1.157,60,"Feb",0.03
"1251",1999,1.157,60,"Mar",0.53
"1252",1999,1.157,60,"Apr",0.7
"1253",1999,1.157,60,"May",0.41
"1254",1999,1.157,60,"Jun",0.82
"1255",1999,1.157,60,"Jul",4.34
"1256",1999,1.157,60,"Aug",4.75
"1257",1999,1.157,60,"Sep",2.49
"1258",1999,1.157,60,"Oct",0.13
"1259",1999,1.157,60,"Nov",0
"1260",1999,1.157,60,"Dec",0.39
"1261",2000,0.591,60,"Jan",0.15
"1262",2000,0.591,60,"Feb",0.1
"1263",2000,0.591,60,"Mar",1.93
"1264",2000,0.591,60,"Apr",0.16
"1265",2000,0.591,60,"May",0
"1266",2000,0.591,60,"Jun",1.31
"1267",2000,0.591,60,"Jul",1.48
"1268",2000,0.591,60,"Aug",2.2
"1269",2000,0.591,60,"Sep",0.33
"1270",2000,0.591,60,"Oct",3.94
"1271",2000,0.591,60,"Nov",1.77
"1272",2000,0.591,60,"Dec",0.41
"1273",2001,0.913,60,"Jan",1.6
"1274",2001,0.913,60,"Feb",0.89
"1275",2001,0.913,60,"Mar",0.49
"1276",2001,0.913,60,"Apr",0.79
"1277",2001,0.913,60,"May",0.87
"1278",2001,0.913,60,"Jun",0.71
"1279",2001,0.913,60,"Jul",2.56
"1280",2001,0.913,60,"Aug",3.32
"1281",2001,0.913,60,"Sep",1.16
"1282",2001,0.913,60,"Oct",0.22
"1283",2001,0.913,60,"Nov",0.69
"1284",2001,0.913,60,"Dec",0.61
"1285",2002,-0.033,59,"Jan",0.54
"1286",2002,-0.033,59,"Feb",0.21
"1287",2002,-0.033,59,"Mar",0.11
"1288",2002,-0.033,59,"Apr",0.14
"1289",2002,-0.033,59,"May",0.14
"1290",2002,-0.033,59,"Jun",0.07
"1291",2002,-0.033,59,"Jul",2.71
"1292",2002,-0.033,59,"Aug",2.39
"1293",2002,-0.033,59,"Sep",3.42
"1294",2002,-0.033,59,"Oct",0.88
"1295",2002,-0.033,59,"Nov",0.86
"1296",2002,-0.033,59,"Dec",1.52
"1297",2003,0.71,59,"Jan",0.15
"1298",2003,0.71,59,"Feb",1.44
"1299",2003,0.71,59,"Mar",0.69
"1300",2003,0.71,59,"Apr",0.19
"1301",2003,0.71,59,"May",0.16
"1302",2003,0.71,59,"Jun",0.61
"1303",2003,0.71,59,"Jul",1.02
"1304",2003,0.71,59,"Aug",2.02
"1305",2003,0.71,59,"Sep",1.06
"1306",2003,0.71,59,"Oct",1.09
"1307",2003,0.71,59,"Nov",1.43
"1308",2003,0.71,59,"Dec",0.35
"1309",2004,0.419,53,"Jan",0.69
"1310",2004,0.419,53,"Feb",0.87
"1311",2004,0.419,53,"Mar",1.3
"1312",2004,0.419,53,"Apr",2.32
"1313",2004,0.419,53,"May",0.1
"1314",2004,0.419,53,"Jun",0.62
"1315",2004,0.419,53,"Jul",1.9
"1316",2004,0.419,53,"Aug",2.28
"1317",2004,0.419,53,"Sep",1.22
"1318",2004,0.419,53,"Oct",1.36
"1319",2004,0.419,53,"Nov",1.55
"1320",2004,0.419,53,"Dec",1.19
